trial,testing,parameters,initial_deadline,final_deadline,net_reward,actions,success
1,False,"{'a': 0.5, 'e': 0.95}",20,0,-17.814117218969884,"{0: 12, 1: 8, 2: 0, 3: 0, 4: 0}",0
2,False,"{'a': 0.5, 'e': 0.8999999999999999}",20,0,-40.33773463580511,"{0: 11, 1: 9, 2: 0, 3: 0, 4: 0}",0
3,False,"{'a': 0.5, 'e': 0.8499999999999999}",25,0,-53.66411641962871,"{0: 10, 1: 15, 2: 0, 3: 0, 4: 0}",0
4,False,"{'a': 0.5, 'e': 0.7999999999999998}",30,0,-53.90974030976344,"{0: 14, 1: 16, 2: 0, 3: 0, 4: 0}",0
